-- ─────────────────────────────────────────────────────────────────────────────
-- V5__demo_seed_data.sql
-- Demo seed data for client presentation
--
-- Hierarchy:
--   ADMIN  venugopal.kannuri@calgary.ca
--
--   CLIENT: CPA Parking (PREMIUM)
--
--   CLIENT_ADMIN  cpatest1100@gmail.com (Alex Chen)   → Tenant 1 + Tenant 2
--   CLIENT_ADMIN  cpatest2200@gmail.com (Maria Santos) → Tenant 3 only
--
--   TENANT 1: Downtown Parkade
--     TENANT_ADMIN  cpatest3300@gmail.com (Jordan Lee)
--     Zones: 1001 Level B1 East, 1002 Ground Floor South, 1003 Executive Level
--     SUB-TENANT: Level B1 Commuters  → Zone 1001  (cpatest6600 Taylor Kim)
--     SUB-TENANT: Ground Floor Retail → Zone 1002  (cpatest7700 Jamie Park)
--     Zone 1003 → tenant-direct
--
--   TENANT 2: Midtown Civic Centre
--     TENANT_ADMIN  cpatest4400@gmail.com (Sam Patel)
--     Zones: 2001 Staff Parkade, 2002 Visitor Lot, 2003 Reserved Section
--     SUB-TENANT: City Hall Staff  → Zone 2001  (cpatest8800 Casey Wong)
--     SUB-TENANT: Public Visitors  → Zone 2002  (cpatest9900 Morgan Lee)
--     Zone 2003 → tenant-direct
--
--   TENANT 3: Airport Long-Term Lot
--     TENANT_ADMIN  cpatest5500@gmail.com (Chris Brown)
--     Zones: 3001 Short Stay, 3002 Long Stay, 3003 Economy Lot
--     SUB-TENANT: Short Stay Travelers → Zone 3001  (cpatestt01 Riley Chen)
--     SUB-TENANT: Long Stay Commuters  → Zone 3002  (cpatestt02 Drew Santos)
--     Zone 3003 → tenant-direct
--
-- NOTE: All UUIDs use only valid hex characters (0-9, a-f).
-- ─────────────────────────────────────────────────────────────────────────────

-- ─── App Users ───────────────────────────────────────────────────────────────
INSERT INTO app_user (id, auth_provider_user_id, email, first_name, last_name, is_active)
VALUES
  -- ADMIN
  ('aa000001-0000-0000-0000-000000000001', '5dfb7d85-6140-41d8-b5fa-8c64d6d384a8', 'venugopal.kannuri@calgary.ca', 'Venu Gopal', 'Kannuri', true),
  -- CLIENT_ADMINs
  ('aa000001-0000-0000-0000-000000000002', '5d998395-1268-408d-8ca9-24f972a0a8f0', 'cpatest1100@gmail.com', 'Alex',   'Chen',    true),
  ('aa000001-0000-0000-0000-000000000003', 'f5f76618-ded2-4f64-bb1a-9de38ed937ee', 'cpatest2200@gmail.com', 'Maria',  'Santos',  true),
  -- TENANT_ADMINs
  ('aa000001-0000-0000-0000-000000000004', '942e824a-bdb0-4d40-8b63-2630917f1659', 'cpatest3300@gmail.com', 'Jordan', 'Lee',     true),
  ('aa000001-0000-0000-0000-000000000005', 'ed35311c-d4e3-495b-beaf-34bf13602701', 'cpatest4400@gmail.com', 'Sam',    'Patel',   true),
  ('aa000001-0000-0000-0000-000000000006', '2739a7c2-974c-4858-ab9b-4452a8bf2e48', 'cpatest5500@gmail.com', 'Chris',  'Brown',   true),
  -- SUB_TENANT_ADMINs — Tenant 1
  ('aa000001-0000-0000-0000-000000000007', 'ed35311c-d4e3-495b-beaf-23bf13602701', 'cpatest6600@gmail.com', 'Taylor', 'Kim',     true),
  ('aa000001-0000-0000-0000-000000000008', 'a0000008-0000-0000-0000-000000000008', 'cpatest7700@gmail.com', 'Jamie',  'Park',    true),
  -- SUB_TENANT_ADMINs — Tenant 2
  ('aa000001-0000-0000-0000-000000000009', 'a0000009-0000-0000-0000-000000000009', 'cpatest8800@gmail.com', 'Casey',  'Wong',    true),
  ('aa000001-0000-0000-0000-000000000010', 'a0000010-0000-0000-0000-000000000010', 'cpatest9900@gmail.com', 'Morgan', 'Lee',     true),
  -- SUB_TENANT_ADMINs — Tenant 3
  ('aa000001-0000-0000-0000-000000000011', 'a0000011-0000-0000-0000-000000000011', 'cpatestt01@gmail.com',  'Riley',  'Chen',    true),
  ('aa000001-0000-0000-0000-000000000012', 'a0000012-0000-0000-0000-000000000012', 'cpatestt02@gmail.com',  'Drew',   'Santos',  true)
ON CONFLICT (auth_provider_user_id) DO NOTHING;

-- ─── Login records ───────────────────────────────────────────────────────────
INSERT INTO login (id, login_provider, provider_user_id, email, user_id)
SELECT id, login_provider, provider_user_id, email, user_id FROM (VALUES
  ('ab000001-0000-0000-0000-000000000001', 'oauth2', '5dfb7d85-6140-41d8-b5fa-8c64d6d384a8', 'venugopal.kannuri@calgary.ca', 'aa000001-0000-0000-0000-000000000001'::uuid),
  ('ab000001-0000-0000-0000-000000000002', 'oauth2', '5d998395-1268-408d-8ca9-24f972a0a8f0', 'cpatest1100@gmail.com',         'aa000001-0000-0000-0000-000000000002'::uuid),
  ('ab000001-0000-0000-0000-000000000003', 'oauth2', 'f5f76618-ded2-4f64-bb1a-9de38ed937ee', 'cpatest2200@gmail.com',         'aa000001-0000-0000-0000-000000000003'::uuid),
  ('ab000001-0000-0000-0000-000000000004', 'oauth2', '942e824a-bdb0-4d40-8b63-2630917f1659', 'cpatest3300@gmail.com',         'aa000001-0000-0000-0000-000000000004'::uuid),
  ('ab000001-0000-0000-0000-000000000005', 'oauth2', 'ed35311c-d4e3-495b-beaf-34bf13602701', 'cpatest4400@gmail.com',         'aa000001-0000-0000-0000-000000000005'::uuid),
  ('ab000001-0000-0000-0000-000000000006', 'oauth2', '2739a7c2-974c-4858-ab9b-4452a8bf2e48', 'cpatest5500@gmail.com',         'aa000001-0000-0000-0000-000000000006'::uuid),
  ('ab000001-0000-0000-0000-000000000007', 'oauth2', 'ed35311c-d4e3-495b-beaf-23bf13602701', 'cpatest6600@gmail.com',         'aa000001-0000-0000-0000-000000000007'::uuid),
  ('ab000001-0000-0000-0000-000000000008', 'oauth2', 'a0000008-0000-0000-0000-000000000008', 'cpatest7700@gmail.com',         'aa000001-0000-0000-0000-000000000008'::uuid),
  ('ab000001-0000-0000-0000-000000000009', 'oauth2', 'a0000009-0000-0000-0000-000000000009', 'cpatest8800@gmail.com',         'aa000001-0000-0000-0000-000000000009'::uuid),
  ('ab000001-0000-0000-0000-000000000010', 'oauth2', 'a0000010-0000-0000-0000-000000000010', 'cpatest9900@gmail.com',         'aa000001-0000-0000-0000-000000000010'::uuid),
  ('ab000001-0000-0000-0000-000000000011', 'oauth2', 'a0000011-0000-0000-0000-000000000011', 'cpatestt01@gmail.com',          'aa000001-0000-0000-0000-000000000011'::uuid),
  ('ab000001-0000-0000-0000-000000000012', 'oauth2', 'a0000012-0000-0000-0000-000000000012', 'cpatestt02@gmail.com',          'aa000001-0000-0000-0000-000000000012'::uuid)
) AS v(id, login_provider, provider_user_id, email, user_id)
WHERE NOT EXISTS (
  SELECT 1 FROM login l WHERE l.provider_user_id ILIKE v.provider_user_id
);

-- ─── User Roles ──────────────────────────────────────────────────────────────
INSERT INTO user_role (id, user_id, role, is_active)
VALUES
  ('ac000001-0000-0000-0000-000000000001', 'aa000001-0000-0000-0000-000000000001', 'ADMIN',            true),
  ('ac000001-0000-0000-0000-000000000002', 'aa000001-0000-0000-0000-000000000002', 'CLIENT_ADMIN',     true),
  ('ac000001-0000-0000-0000-000000000003', 'aa000001-0000-0000-0000-000000000003', 'CLIENT_ADMIN',     true),
  ('ac000001-0000-0000-0000-000000000004', 'aa000001-0000-0000-0000-000000000004', 'TENANT_ADMIN',     true),
  ('ac000001-0000-0000-0000-000000000005', 'aa000001-0000-0000-0000-000000000005', 'TENANT_ADMIN',     true),
  ('ac000001-0000-0000-0000-000000000006', 'aa000001-0000-0000-0000-000000000006', 'TENANT_ADMIN',     true),
  ('ac000001-0000-0000-0000-000000000007', 'aa000001-0000-0000-0000-000000000007', 'SUB_TENANT_ADMIN', true),
  ('ac000001-0000-0000-0000-000000000008', 'aa000001-0000-0000-0000-000000000008', 'SUB_TENANT_ADMIN', true),
  ('ac000001-0000-0000-0000-000000000009', 'aa000001-0000-0000-0000-000000000009', 'SUB_TENANT_ADMIN', true),
  ('ac000001-0000-0000-0000-000000000010', 'aa000001-0000-0000-0000-000000000010', 'SUB_TENANT_ADMIN', true),
  ('ac000001-0000-0000-0000-000000000011', 'aa000001-0000-0000-0000-000000000011', 'SUB_TENANT_ADMIN', true),
  ('ac000001-0000-0000-0000-000000000012', 'aa000001-0000-0000-0000-000000000012', 'SUB_TENANT_ADMIN', true)
ON CONFLICT (user_id) DO NOTHING;

-- ─── Clients ─────────────────────────────────────────────────────────────────
INSERT INTO clients (id, name, plan, is_active)
VALUES
  ('ba000001-0000-0000-0000-000000000001', 'CPA Parking', 'PREMIUM', true)
ON CONFLICT (id) DO NOTHING;

-- ─── Tenants ─────────────────────────────────────────────────────────────────
INSERT INTO tenants (id, client_id, tenant_id, name, settings, is_active)
VALUES
  (
    'bb000001-0000-0000-0000-000000000001',
    'ba000001-0000-0000-0000-000000000001',
    'bb000001-0000-0000-0000-000000000001',
    'Downtown Parkade',
    '{"branding":{"logoUrl":null,"primaryColor":"#1B4F8A","accentColor":"#F5A623"}}',
    true
  ),
  (
    'bb000001-0000-0000-0000-000000000002',
    'ba000001-0000-0000-0000-000000000001',
    'bb000001-0000-0000-0000-000000000002',
    'Midtown Civic Centre',
    '{"branding":{"logoUrl":null,"primaryColor":"#6B21A8","accentColor":"#A855F7"}}',
    true
  ),
  (
    'bb000001-0000-0000-0000-000000000003',
    'ba000001-0000-0000-0000-000000000001',
    'bb000001-0000-0000-0000-000000000003',
    'Airport Long-Term Lot',
    '{"branding":{"logoUrl":null,"primaryColor":"#2E7D32","accentColor":"#FFC107"}}',
    true
  )
ON CONFLICT (id) DO NOTHING;

-- ─── Client Admin Assignments ────────────────────────────────────────────────
-- Alex Chen → Tenant 1 + Tenant 2
-- Maria Santos → Tenant 3 only
INSERT INTO client_admin_assignments (id, user_id, client_id, tenant_id)
VALUES
  ('bc000001-0000-0000-0000-000000000001', 'aa000001-0000-0000-0000-000000000002', 'ba000001-0000-0000-0000-000000000001', 'bb000001-0000-0000-0000-000000000001'),
  ('bc000001-0000-0000-0000-000000000002', 'aa000001-0000-0000-0000-000000000002', 'ba000001-0000-0000-0000-000000000001', 'bb000001-0000-0000-0000-000000000002'),
  ('bc000001-0000-0000-0000-000000000003', 'aa000001-0000-0000-0000-000000000003', 'ba000001-0000-0000-0000-000000000001', 'bb000001-0000-0000-0000-000000000003')
ON CONFLICT (user_id, tenant_id) DO NOTHING;

-- ─── Tenant Admin Assignments ────────────────────────────────────────────────
INSERT INTO tenant_admin_assignments (id, user_id, tenant_id)
VALUES
  ('bd000001-0000-0000-0000-000000000001', 'aa000001-0000-0000-0000-000000000004', 'bb000001-0000-0000-0000-000000000001'),
  ('bd000001-0000-0000-0000-000000000002', 'aa000001-0000-0000-0000-000000000005', 'bb000001-0000-0000-0000-000000000002'),
  ('bd000001-0000-0000-0000-000000000003', 'aa000001-0000-0000-0000-000000000006', 'bb000001-0000-0000-0000-000000000003')
ON CONFLICT (user_id) DO NOTHING;

-- ─── Sub-Tenants ─────────────────────────────────────────────────────────────
INSERT INTO sub_tenants (id, tenant_id, client_id, name, is_active)
VALUES
  -- Tenant 1: Downtown Parkade
  ('be000001-0000-0000-0000-000000000001', 'bb000001-0000-0000-0000-000000000001', 'ba000001-0000-0000-0000-000000000001', 'Level B1 Commuters',   true),
  ('be000001-0000-0000-0000-000000000002', 'bb000001-0000-0000-0000-000000000001', 'ba000001-0000-0000-0000-000000000001', 'Ground Floor Retail',  true),
  -- Tenant 2: Midtown Civic Centre
  ('be000001-0000-0000-0000-000000000003', 'bb000001-0000-0000-0000-000000000002', 'ba000001-0000-0000-0000-000000000001', 'City Hall Staff',       true),
  ('be000001-0000-0000-0000-000000000004', 'bb000001-0000-0000-0000-000000000002', 'ba000001-0000-0000-0000-000000000001', 'Public Visitors',       true),
  -- Tenant 3: Airport Long-Term Lot
  ('be000001-0000-0000-0000-000000000005', 'bb000001-0000-0000-0000-000000000003', 'ba000001-0000-0000-0000-000000000001', 'Short Stay Travelers',  true),
  ('be000001-0000-0000-0000-000000000006', 'bb000001-0000-0000-0000-000000000003', 'ba000001-0000-0000-0000-000000000001', 'Long Stay Commuters',   true)
ON CONFLICT (id) DO NOTHING;

-- ─── Sub-Tenant Admin Assignments ────────────────────────────────────────────
INSERT INTO sub_tenant_admin_assignments (id, user_id, tenant_id, sub_tenant_id)
VALUES
  ('bf000001-0000-0000-0000-000000000001', 'aa000001-0000-0000-0000-000000000007', 'bb000001-0000-0000-0000-000000000001', 'be000001-0000-0000-0000-000000000001'),
  ('bf000001-0000-0000-0000-000000000002', 'aa000001-0000-0000-0000-000000000008', 'bb000001-0000-0000-0000-000000000001', 'be000001-0000-0000-0000-000000000002'),
  ('bf000001-0000-0000-0000-000000000003', 'aa000001-0000-0000-0000-000000000009', 'bb000001-0000-0000-0000-000000000002', 'be000001-0000-0000-0000-000000000003'),
  ('bf000001-0000-0000-0000-000000000004', 'aa000001-0000-0000-0000-000000000010', 'bb000001-0000-0000-0000-000000000002', 'be000001-0000-0000-0000-000000000004'),
  ('bf000001-0000-0000-0000-000000000005', 'aa000001-0000-0000-0000-000000000011', 'bb000001-0000-0000-0000-000000000003', 'be000001-0000-0000-0000-000000000005'),
  ('bf000001-0000-0000-0000-000000000006', 'aa000001-0000-0000-0000-000000000012', 'bb000001-0000-0000-0000-000000000003', 'be000001-0000-0000-0000-000000000006')
ON CONFLICT (user_id) DO NOTHING;

-- ─── Zones ───────────────────────────────────────────────────────────────────
-- 4-digit zone numbers; each tenant has 3 zones; sub-tenants get zones 1 & 2,
-- zone 3 is tenant-direct.
INSERT INTO zones (id, tenant_id, client_id, zone_number, name, default_duration_minutes, max_duration_minutes, is_active)
VALUES
  -- Tenant 1: Downtown Parkade
  ('ca000001-0000-0000-0000-000000000001', 'bb000001-0000-0000-0000-000000000001', 'ba000001-0000-0000-0000-000000000001', '1001', 'Level B1 East',       60,  480, true),
  ('ca000001-0000-0000-0000-000000000002', 'bb000001-0000-0000-0000-000000000001', 'ba000001-0000-0000-0000-000000000001', '1002', 'Ground Floor South',  60,  480, true),
  ('ca000001-0000-0000-0000-000000000003', 'bb000001-0000-0000-0000-000000000001', 'ba000001-0000-0000-0000-000000000001', '1003', 'Executive Level',    120,  720, true),
  -- Tenant 2: Midtown Civic Centre
  ('ca000001-0000-0000-0000-000000000004', 'bb000001-0000-0000-0000-000000000002', 'ba000001-0000-0000-0000-000000000001', '2001', 'Staff Parkade',       60,  480, true),
  ('ca000001-0000-0000-0000-000000000005', 'bb000001-0000-0000-0000-000000000002', 'ba000001-0000-0000-0000-000000000001', '2002', 'Visitor Lot',         60,  240, true),
  ('ca000001-0000-0000-0000-000000000006', 'bb000001-0000-0000-0000-000000000002', 'ba000001-0000-0000-0000-000000000001', '2003', 'Reserved Section',   120,  480, true),
  -- Tenant 3: Airport Long-Term Lot
  ('ca000001-0000-0000-0000-000000000007', 'bb000001-0000-0000-0000-000000000003', 'ba000001-0000-0000-0000-000000000001', '3001', 'Short Stay',          60,  480, true),
  ('ca000001-0000-0000-0000-000000000008', 'bb000001-0000-0000-0000-000000000003', 'ba000001-0000-0000-0000-000000000001', '3002', 'Long Stay',          480, 2880, true),
  ('ca000001-0000-0000-0000-000000000009', 'bb000001-0000-0000-0000-000000000003', 'ba000001-0000-0000-0000-000000000001', '3003', 'Economy Lot',        240, 1440, true)
ON CONFLICT (id) DO NOTHING;

-- ─── Zone Allocations ────────────────────────────────────────────────────────
-- Each tenant: total=3, sub_tenant=2 (zones x01, x02), tenant_direct=1 (zone x03)
INSERT INTO zone_allocations (id, tenant_id, client_id, total_zones, tenant_direct, sub_tenant)
VALUES
  ('cb000001-0000-0000-0000-000000000001', 'bb000001-0000-0000-0000-000000000001', 'ba000001-0000-0000-0000-000000000001', 3, 1, 2),
  ('cb000001-0000-0000-0000-000000000002', 'bb000001-0000-0000-0000-000000000002', 'ba000001-0000-0000-0000-000000000001', 3, 1, 2),
  ('cb000001-0000-0000-0000-000000000003', 'bb000001-0000-0000-0000-000000000003', 'ba000001-0000-0000-0000-000000000001', 3, 1, 2)
ON CONFLICT (tenant_id) DO NOTHING;

-- ─── Sub-Tenant Zone Assignments ─────────────────────────────────────────────
INSERT INTO sub_tenant_zone_assignments (id, sub_tenant_id, zone_id)
VALUES
  -- Tenant 1
  ('cc000001-0000-0000-0000-000000000001', 'be000001-0000-0000-0000-000000000001', 'ca000001-0000-0000-0000-000000000001'),
  ('cc000001-0000-0000-0000-000000000002', 'be000001-0000-0000-0000-000000000002', 'ca000001-0000-0000-0000-000000000002'),
  -- Tenant 2
  ('cc000001-0000-0000-0000-000000000003', 'be000001-0000-0000-0000-000000000003', 'ca000001-0000-0000-0000-000000000004'),
  ('cc000001-0000-0000-0000-000000000004', 'be000001-0000-0000-0000-000000000004', 'ca000001-0000-0000-0000-000000000005'),
  -- Tenant 3
  ('cc000001-0000-0000-0000-000000000005', 'be000001-0000-0000-0000-000000000005', 'ca000001-0000-0000-0000-000000000007'),
  ('cc000001-0000-0000-0000-000000000006', 'be000001-0000-0000-0000-000000000006', 'ca000001-0000-0000-0000-000000000008')
ON CONFLICT (sub_tenant_id, zone_id) DO NOTHING;

-- ─── Quota Configs ───────────────────────────────────────────────────────────
INSERT INTO quota_configs (id, tenant_id, client_id, sub_tenant_id, scope, period, max_count)
VALUES
  -- Tenant 1: Downtown Parkade
  ('cd000001-0000-0000-0000-000000000001', 'bb000001-0000-0000-0000-000000000001', 'ba000001-0000-0000-0000-000000000001', NULL,                                   'TENANT',    'DAY',   100),
  ('cd000001-0000-0000-0000-000000000002', 'bb000001-0000-0000-0000-000000000001', 'ba000001-0000-0000-0000-000000000001', NULL,                                   'TENANT',    'WEEK',  500),
  ('cd000001-0000-0000-0000-000000000003', 'bb000001-0000-0000-0000-000000000001', 'ba000001-0000-0000-0000-000000000001', NULL,                                   'TENANT',    'MONTH', 2000),
  ('cd000001-0000-0000-0000-000000000004', 'bb000001-0000-0000-0000-000000000001', 'ba000001-0000-0000-0000-000000000001', 'be000001-0000-0000-0000-000000000001', 'SUBTENANT', 'DAY',   40),
  ('cd000001-0000-0000-0000-000000000005', 'bb000001-0000-0000-0000-000000000001', 'ba000001-0000-0000-0000-000000000001', 'be000001-0000-0000-0000-000000000002', 'SUBTENANT', 'DAY',   60),
  -- Tenant 2: Midtown Civic Centre
  ('cd000001-0000-0000-0000-000000000006', 'bb000001-0000-0000-0000-000000000002', 'ba000001-0000-0000-0000-000000000001', NULL,                                   'TENANT',    'DAY',   150),
  ('cd000001-0000-0000-0000-000000000007', 'bb000001-0000-0000-0000-000000000002', 'ba000001-0000-0000-0000-000000000001', NULL,                                   'TENANT',    'WEEK',  600),
  ('cd000001-0000-0000-0000-000000000008', 'bb000001-0000-0000-0000-000000000002', 'ba000001-0000-0000-0000-000000000001', NULL,                                   'TENANT',    'MONTH', 2500),
  ('cd000001-0000-0000-0000-000000000009', 'bb000001-0000-0000-0000-000000000002', 'ba000001-0000-0000-0000-000000000001', 'be000001-0000-0000-0000-000000000003', 'SUBTENANT', 'DAY',   50),
  ('cd000001-0000-0000-0000-000000000010', 'bb000001-0000-0000-0000-000000000002', 'ba000001-0000-0000-0000-000000000001', 'be000001-0000-0000-0000-000000000004', 'SUBTENANT', 'DAY',   80),
  -- Tenant 3: Airport Long-Term Lot
  ('cd000001-0000-0000-0000-000000000011', 'bb000001-0000-0000-0000-000000000003', 'ba000001-0000-0000-0000-000000000001', NULL,                                   'TENANT',    'DAY',   200),
  ('cd000001-0000-0000-0000-000000000012', 'bb000001-0000-0000-0000-000000000003', 'ba000001-0000-0000-0000-000000000001', NULL,                                   'TENANT',    'WEEK',  800),
  ('cd000001-0000-0000-0000-000000000013', 'bb000001-0000-0000-0000-000000000003', 'ba000001-0000-0000-0000-000000000001', NULL,                                   'TENANT',    'MONTH', 3000),
  ('cd000001-0000-0000-0000-000000000014', 'bb000001-0000-0000-0000-000000000003', 'ba000001-0000-0000-0000-000000000001', 'be000001-0000-0000-0000-000000000005', 'SUBTENANT', 'DAY',   80),
  ('cd000001-0000-0000-0000-000000000015', 'bb000001-0000-0000-0000-000000000003', 'ba000001-0000-0000-0000-000000000001', 'be000001-0000-0000-0000-000000000006', 'SUBTENANT', 'DAY',   120)
ON CONFLICT (id) DO NOTHING;

-- ─── Validation Links (QR demo) ──────────────────────────────────────────────
INSERT INTO validation_links (id, tenant_id, client_id, sub_tenant_id, zone_id, link_type, token, label, default_duration_minutes, is_active, scan_count)
VALUES
  -- Tenant 1 — Zone 1001 (Level B1 Commuters)
  ('ce000001-0000-0000-0000-000000000001', 'bb000001-0000-0000-0000-000000000001', 'ba000001-0000-0000-0000-000000000001',
   'be000001-0000-0000-0000-000000000001', 'ca000001-0000-0000-0000-000000000001',
   'QR', 'demo-qr-t1-z1001-b1-commuters', 'Zone 1001 — B1 Commuters QR', 60, true, 12),
  -- Tenant 1 — Zone 1003 (Executive — tenant-direct)
  ('ce000001-0000-0000-0000-000000000002', 'bb000001-0000-0000-0000-000000000001', 'ba000001-0000-0000-0000-000000000001',
   NULL, 'ca000001-0000-0000-0000-000000000003',
   'QR', 'demo-qr-t1-z1003-executive', 'Zone 1003 — Executive QR', 120, true, 5),
  -- Tenant 2 — Zone 2001 (City Hall Staff)
  ('ce000001-0000-0000-0000-000000000003', 'bb000001-0000-0000-0000-000000000002', 'ba000001-0000-0000-0000-000000000001',
   'be000001-0000-0000-0000-000000000003', 'ca000001-0000-0000-0000-000000000004',
   'QR', 'demo-qr-t2-z2001-cityhall', 'Zone 2001 — City Hall Staff QR', 60, true, 21),
  -- Tenant 2 — Zone 2003 (Reserved — tenant-direct)
  ('ce000001-0000-0000-0000-000000000004', 'bb000001-0000-0000-0000-000000000002', 'ba000001-0000-0000-0000-000000000001',
   NULL, 'ca000001-0000-0000-0000-000000000006',
   'QR', 'demo-qr-t2-z2003-reserved', 'Zone 2003 — Reserved QR', 120, true, 3),
  -- Tenant 3 — Zone 3001 (Short Stay)
  ('ce000001-0000-0000-0000-000000000005', 'bb000001-0000-0000-0000-000000000003', 'ba000001-0000-0000-0000-000000000001',
   'be000001-0000-0000-0000-000000000005', 'ca000001-0000-0000-0000-000000000007',
   'QR', 'demo-qr-t3-z3001-shortstay', 'Zone 3001 — Short Stay QR', 60, true, 28),
  -- Tenant 3 — Zone 3003 (Economy — tenant-direct)
  ('ce000001-0000-0000-0000-000000000006', 'bb000001-0000-0000-0000-000000000003', 'ba000001-0000-0000-0000-000000000001',
   NULL, 'ca000001-0000-0000-0000-000000000009',
   'QR', 'demo-qr-t3-z3003-economy', 'Zone 3003 — Economy Lot QR', 240, true, 9)
ON CONFLICT (token) DO NOTHING;

-- ─── Sample Validation Sessions ──────────────────────────────────────────────
INSERT INTO validation_sessions (id, tenant_id, client_id, sub_tenant_id, zone_id, license_plate, start_time, end_time, status, extended_count)
VALUES
  -- Tenant 1 — Zone 1001 — B1 Commuters
  ('cf000001-0000-0000-0000-000000000001', 'bb000001-0000-0000-0000-000000000001', 'ba000001-0000-0000-0000-000000000001', 'be000001-0000-0000-0000-000000000001', 'ca000001-0000-0000-0000-000000000001', 'ABC1234', now() - interval '30 minutes', NULL,                       'ACTIVE',   0),
  ('cf000001-0000-0000-0000-000000000002', 'bb000001-0000-0000-0000-000000000001', 'ba000001-0000-0000-0000-000000000001', 'be000001-0000-0000-0000-000000000001', 'ca000001-0000-0000-0000-000000000001', 'DEF5678', now() - interval '15 minutes', NULL,                       'ACTIVE',   0),
  -- Tenant 1 — Zone 1002 — Ground Floor Retail
  ('cf000001-0000-0000-0000-000000000003', 'bb000001-0000-0000-0000-000000000001', 'ba000001-0000-0000-0000-000000000001', 'be000001-0000-0000-0000-000000000002', 'ca000001-0000-0000-0000-000000000002', 'GHI9012', now() - interval '2 hours',   NULL,                       'ACTIVE',   0),
  ('cf000001-0000-0000-0000-000000000004', 'bb000001-0000-0000-0000-000000000001', 'ba000001-0000-0000-0000-000000000001', 'be000001-0000-0000-0000-000000000002', 'ca000001-0000-0000-0000-000000000002', 'JKL3456', now() - interval '5 hours',   now() - interval '4 hours', 'EXPIRED',  0),
  -- Tenant 1 — Zone 1003 — tenant-direct
  ('cf000001-0000-0000-0000-000000000005', 'bb000001-0000-0000-0000-000000000001', 'ba000001-0000-0000-0000-000000000001', NULL,                                   'ca000001-0000-0000-0000-000000000003', 'MNO7890', now() - interval '1 hour',    NULL,                       'ACTIVE',   1),
  -- Tenant 2 — Zone 2001 — City Hall Staff
  ('cf000001-0000-0000-0000-000000000006', 'bb000001-0000-0000-0000-000000000002', 'ba000001-0000-0000-0000-000000000001', 'be000001-0000-0000-0000-000000000003', 'ca000001-0000-0000-0000-000000000004', 'CIV1001', now() - interval '40 minutes', NULL,                       'ACTIVE',   0),
  ('cf000001-0000-0000-0000-000000000007', 'bb000001-0000-0000-0000-000000000002', 'ba000001-0000-0000-0000-000000000001', 'be000001-0000-0000-0000-000000000003', 'ca000001-0000-0000-0000-000000000004', 'CIV1002', now() - interval '3 hours',   now() - interval '2 hours', 'EXPIRED',  0),
  -- Tenant 2 — Zone 2002 — Public Visitors
  ('cf000001-0000-0000-0000-000000000008', 'bb000001-0000-0000-0000-000000000002', 'ba000001-0000-0000-0000-000000000001', 'be000001-0000-0000-0000-000000000004', 'ca000001-0000-0000-0000-000000000005', 'VIS2001', now() - interval '20 minutes', NULL,                       'ACTIVE',   0),
  -- Tenant 3 — Zone 3001 — Short Stay
  ('cf000001-0000-0000-0000-000000000009', 'bb000001-0000-0000-0000-000000000003', 'ba000001-0000-0000-0000-000000000001', 'be000001-0000-0000-0000-000000000005', 'ca000001-0000-0000-0000-000000000007', 'YYC1111', now() - interval '45 minutes', NULL,                       'ACTIVE',   0),
  ('cf000001-0000-0000-0000-000000000010', 'bb000001-0000-0000-0000-000000000003', 'ba000001-0000-0000-0000-000000000001', 'be000001-0000-0000-0000-000000000005', 'ca000001-0000-0000-0000-000000000007', 'YYC2222', now() - interval '4 hours',   now() - interval '3 hours', 'EXPIRED',  0),
  -- Tenant 3 — Zone 3002 — Long Stay (extended)
  ('cf000001-0000-0000-0000-000000000011', 'bb000001-0000-0000-0000-000000000003', 'ba000001-0000-0000-0000-000000000001', 'be000001-0000-0000-0000-000000000006', 'ca000001-0000-0000-0000-000000000008', 'YYC3333', now() - interval '10 hours',  NULL,                       'EXTENDED', 1),
  -- Tenant 3 — Zone 3003 — Economy (tenant-direct)
  ('cf000001-0000-0000-0000-000000000012', 'bb000001-0000-0000-0000-000000000003', 'ba000001-0000-0000-0000-000000000001', NULL,                                   'ca000001-0000-0000-0000-000000000009', 'YYC4444', now() - interval '6 hours',   now() - interval '4 hours', 'EXPIRED',  0)
ON CONFLICT (id) DO NOTHING;
